Workbook

Sheet Presence du Jour
A1: GESTION DES PRÉSENCES
A2: Cochez (X) les employés présents puis cliquez sur « Enregistrer la journée »
A3: Date : | B3: 46209 | C3: Présents : | D3: =COUNTIF(A7:A86,"X")
A4: Chantier : | C4: Total actifs : | D4: =COUNTA(B7:B86)
A6: ☐ Présent | B6: ID | C6: Nom et Prénom | D6: Poste
B7: =IF(Employes!E3="Actif",Employes!A3,"") | C7: =IF(B7<>"",Employes!B3,"") | D7: =IF(B7<>"",Employes!C3,"")
B8: =IF(Employes!E4="Actif",Employes!A4,"") | C8: =IF(B8<>"",Employes!B4,"") | D8: =IF(B8<>"",Employes!C4,"")
B9: =IF(Employes!E5="Actif",Employes!A5,"") | C9: =IF(B9<>"",Employes!B5,"") | D9: =IF(B9<>"",Employes!C5,"")
B10: =IF(Employes!E6="Actif",Employes!A6,"") | C10: =IF(B10<>"",Employes!B6,"") | D10: =IF(B10<>"",Employes!C6,"")
B11: =IF(Employes!E7="Actif",Employes!A7,"") | C11: =IF(B11<>"",Employes!B7,"") | D11: =IF(B11<>"",Employes!C7,"")
B12: =IF(Employes!E8="Actif",Employes!A8,"") | C12: =IF(B12<>"",Employes!B8,"") | D12: =IF(B12<>"",Employes!C8,"")
B13: =IF(Employes!E9="Actif",Employes!A9,"") | C13: =IF(B13<>"",Employes!B9,"") | D13: =IF(B13<>"",Employes!C9,"")
B14: =IF(Employes!E10="Actif",Employes!A10,"") | C14: =IF(B14<>"",Employes!B10,"") | D14: =IF(B14<>"",Employes!C10,"")
B15: =IF(Employes!E11="Actif",Employes!A11,"") | C15: =IF(B15<>"",Employes!B11,"") | D15: =IF(B15<>"",Employes!C11,"")
B16: =IF(Employes!E12="Actif",Employes!A12,"") | C16: =IF(B16<>"",Employes!B12,"") | D16: =IF(B16<>"",Employes!C12,"")
B17: =IF(Employes!E13="Actif",Employes!A13,"") | C17: =IF(B17<>"",Employes!B13,"") | D17: =IF(B17<>"",Employes!C13,"")
B18: =IF(Employes!E14="Actif",Employes!A14,"") | C18: =IF(B18<>"",Employes!B14,"") | D18: =IF(B18<>"",Employes!C14,"")
... B86: =IF(Employes!E82="Actif",Employes!A82,"") | C86: =IF(B86<>"",Employes!B82,"") | D86: =IF(B86<>"",Employes!C82,"")

Sheet Employes
A1: LISTE DES EMPLOYÉS
A2: ID Employé | B2: Nom et Prénom | C2: Poste | D2: Équipe | E2: Statut
A3: EMP-001 | B3: Ahmed Benali | C3: Maçon | D3: Équipe A | E3: Actif
A4: EMP-002 | B4: Youssef El Amrani | C4: Charpentier | D4: Équipe A | E4: Actif
A5: EMP-003 | B5: Karim Toumi | C5: Électricien | D5: Équipe B | E5: Actif
A6: EMP-004 | B6: Hassan Mansouri | C6: Plombier | D6: Équipe B | E6: Actif
A7: EMP-005 | B7: Rachid Bouazza | C7: Peintre | D7: Équipe A | E7: Actif
A8: EMP-006 | B8: Omar Zerhouni | C8: Manœuvre | D8: Équipe C | E8: Actif
A9: EMP-007 | B9: Mustapha Idrissi | C9: Ferronnier | D9: Équipe B | E9: Actif
A10: EMP-008 | B10: Khalid Fassi | C10: Coffreur | D10: Équipe A | E10: Actif
A11: EMP-009 | B11: Abdellatif Chraibi | C11: Grutier | D11: Équipe C | E11: Actif
A12: EMP-010 | B12: Said Benjelloun | C12: Chef d'équipe | D12: Équipe A | E12: Actif

Sheet Liste a imprimer
A1: LISTE DE PRÉSENCE
A2: =Parametres!B3
A3: Date : | B3: ='Presence du Jour'!B3
A4: Chantier : | B4: ='Presence du Jour'!B4
A6: N° | B6: ID | C6: Nom et Prénom | D6: Poste
B7: (Cette liste sera générée automatiquement par la macro « Enregistrer la journée »)

Sheet Historique
A1: Date | B1: ID Employé | C1: Nom et Prénom | D1: Poste | E1: Statut

Sheet Parametres
A1: PARAMÈTRES DU SYSTÈME
A2: Configurez ici les informations de votre entreprise et du chantier
A3: Nom de l'entreprise | B3: Mon Entreprise SARL | C3: Apparaît sur la liste à imprimer
A4: Chantier par défaut | C4: Pré-rempli dans Présence du Jour
A5: Responsable | C5: Nom du responsable de chantier
A6: Téléphone | C6: Numéro de contact
A7: Ville / Site | C7: Localisation du chantier
A8: Chemin export PDF | B8: (même dossier que le classeur) | C8: Dossier de destination des fichiers PDF
A9: Format de date | B9: jj/mm/aaaa | C9: Format d'affichage des dates
A11: ⚠️ IMPORTANT :
A12: Sauvegardez toujours ce fichier au format .xlsm pour conserver les macros.

Sheet Guide d utilisation
A1: GUIDE D'UTILISATION
A2: Système de Gestion des Présences — Mode d'emploi complet
B5: ══════════════════════════════════════════════════════════════
B6: 1. PREMIÈRE CONFIGURATION
B7: ══════════════════════════════════════════════════════════════
B9: ▶ Ajouter des employés :
B10: 1. Allez dans la feuille « Employés »
B11: 2. Remplissez : ID, Nom et Prénom, Poste, Équipe, Statut
B12: 3. Le statut doit être « Actif » ou « Inactif »
B13: 4. Seuls les employés « Actif » apparaissent dans la feuille de présence
B14: 5. Les IDs sont libres : utilisez vos propres identifiants
B16: ▶ Modifier un employé :
B17: - Modifiez directement dans la feuille « Employés »
B18: - Toutes les modifications se propagent automatiquement
... B138: ExporterPDF, ToutDecocher, RechercherEmploye, ChargerHistoriqueParDate
