Workbook
Name CompanyName: Config!$B$3
Name PayrollMonth: Config!$B$4
Name Worker_DailyWage: Config!$B$5
Name Worker_OTRate: Config!$B$6
Name Laborer_DailyWage: Config!$B$7
Name Laborer_OTRate: Config!$B$8
Name Workers_ID: 'Workers List'!$A$4:$A$83
Name Workers_Name: 'Workers List'!$B$4:$B$83
Name Workers_Data: 'Workers List'!$A$4:$H$83
Name Laborers_ID: 'Laborers List'!$A$4:$A$83
Name Laborers_Name: 'Laborers List'!$B$4:$B$83
Name Laborers_Data: 'Laborers List'!$A$4:$H$83
Name Att_ID: 'Daily Attendance'!$A$5:$A$164
Name Att_Name: 'Daily Attendance'!$B$5:$B$164
Name Att_Type: 'Daily Attendance'!$C$5:$C$164
Name Att_Worked: 'Daily Attendance'!$BN$5:$BN$164
Name Att_OT: 'Daily Attendance'!$BO$5:$BO$164
Name Att_Reg: 'Daily Attendance'!$BP$5:$BP$164
Name Att_OTSal: 'Daily Attendance'!$BQ$5:$BQ$164
Name Att_Total: 'Daily Attendance'!$BR$5:$BR$164
Name Pay_ID: 'Payroll'!$A$5:$A$164
Name Pay_FH: 'Payroll'!$H$5:$H$164
Name Pay_SH: 'Payroll'!$M$5:$M$164
Name SelID: Search!$J$1
Name SelRow: Search!$J$2
Name PS_ID: Payslip!$J$1
Name PS_Row: Payslip!$J$2

Sheet Config
A1: CONFIGURATION (rates & company)
A3: Company Name | B3: Societe Exemple SARL
A4: Payroll Month | B4: Janvier 2026
A5: Worker Daily Wage | B5: 150
A6: Worker Overtime Rate | B6: 16.66
A7: Laborer Daily Wage | B7: 100
A8: Laborer Overtime Rate | B8: 11.11

Sheet Workers List
A1: WORKERS LIST
A2: Employees paid 150.00 MAD / day - overtime 16.66 MAD / hour (عمال)
A3: Employee ID | B3: Full Name | C3: CIN Number | D3: CNSS Number | E3: Phone Number | F3: Position | G3: Start Date | H3: Status
A4: W-1001 | B4: Youssef El Amrani | C4: AB12345 | D4: 1234567 | E4: 0612345678 | F4: Mason | G4: 44621 | H4: Active
A5: W-1002 | B5: Karim Benali | C5: AB67890 | D5: 2345678 | E5: 0623456789 | F5: Carpenter | G5: 44392 | H5: Active
A6: W-1003 | B6: Rachid Toumi | C6: AC11223 | D6: 3456789 | E6: 0634567890 | F6: Electrician | G6: 44936 | H6: Active

Sheet Laborers List
A1: LABORERS LIST
A2: Employees paid 100.00 MAD / day - overtime 11.11 MAD / hour (خدام)
A3: Employee ID | B3: Full Name | C3: CIN Number | D3: CNSS Number | E3: Phone Number | F3: Position | G3: Start Date | H3: Status
A4: L-2001 | B4: Hassan Cherki | C4: BE55667 | D4: 4567890 | E4: 0645678901 | F4: Helper | G4: 45066 | H4: Active
A5: L-2002 | B5: Said Mansouri | C5: BE77889 | D5: 5678901 | E5: 0656789012 | F5: Loader | G5: 44868 | H5: Active

Sheet Daily Attendance
A1: DAILY ATTENDANCE & OVERTIME — monthly entry sheet
A2: =" Month: "&PayrollMonth&" Enter 1 (present) or 0 (absent) under Wk, and overtime hours under OT. Green = present, Amber = overtime. Names and totals fill in automatically."
A3: Employee ID | B3: Employee Name | C3: Type | D3: 1 | F3: 2 | H3: 3 | J3: 4 | L3: 5 | N3: 6 | P3: 7 | R3: 8 | T3: 9 | V3: 10 | X3: 11 | Z3: 12 | AB3: 13 | AD3: 14 | AF3: 15 | AH3: 16 | AJ3: 17 | AL3: 18 | AN3: 19 | AP3: 20 | AR3: 21 | AT3: 22 | AV3: 23 | AX3: 24 | AZ3: 25 | BB3: 26 | BD3: 27 | BF3: 28 | BH3: 29 | BJ3: 30 | BL3: 31 | BN3: MONTHLY SUMMARY
D4: Wk | E4: OT | F4: Wk | G4: OT | H4: Wk | I4: OT | J4: Wk | K4: OT | L4: Wk | M4: OT | N4: Wk | O4: OT | P4: Wk | Q4: OT | R4: Wk | S4: OT | T4: Wk | U4: OT | V4: Wk | W4: OT | X4: Wk | Y4: OT | Z4: Wk | AA4: OT | AB4: Wk | AC4: OT | AD4: Wk | AE4: OT | AF4: Wk | AG4: OT | AH4: Wk | AI4: OT | AJ4: Wk | AK4: OT | AL4: Wk | AM4: OT | AN4: Wk | AO4: OT | AP4: Wk | AQ4: OT | AR4: Wk | AS4: OT | AT4: Wk | AU4: OT | AV4: Wk | AW4: OT | AX4: Wk | AY4: OT | AZ4: Wk | BA4: OT | BB4: Wk | BC4: OT | BD4: Wk | BE4: OT | BF4: Wk | BG4: OT | BH4: Wk | BI4: OT | BJ4: Wk | BK4: OT | BL4: Wk | BM4: OT | BN4: Worked Days | BO4: OT Hrs | BP4: Regular Salary | BQ4: Overtime Pay | BR4: Total Salary
A5: =IFERROR(IF((ROW()-4)<=COUNTA(Workers_ID),INDEX(Workers_ID,(ROW()-4)),IF((ROW()-4)<=COUNTA(Workers_ID)+COUNTA(Laborers_ID),INDEX(Laborers_ID,(ROW()-4)-COUNTA(Workers_ID)),"")),"") | B5: =IF($A5="","",IFERROR(VLOOKUP($A5,Workers_Data,2,FALSE),IFERROR(VLOOKUP($A5,Laborers_Data,2,FALSE),""))) | C5: =IF($A5="","",IF(COUNTIF(Workers_ID,$A5)>0,"Worker",IF(COUNTIF(Laborers_ID,$A5)>0,"Laborer",""))) | BN5: =IF($A5="","",SUMPRODUCT((MOD(COLUMN($D5:$BM5)-COLUMN($D5),2)=0)*$D5:$BM5)) | BO5: =IF($A5="","",SUMPRODUCT((MOD(COLUMN($D5:$BM5)-COLUMN($D5),2)=1)*$D5:$BM5)) | BP5: =IF($A5="","",$BN5*IF($C5="Worker",Worker_DailyWage,IF($C5="Laborer",Laborer_DailyWage,0))) | BQ5: =IF($A5="","",$BO5*IF($C5="Worker",Worker_OTRate,IF($C5="Laborer",Laborer_OTRate,0))) | BR5: =IF($A5="","",$BP5+$BQ5)
A6: =IFERROR(IF((ROW()-4)<=COUNTA(Workers_ID),INDEX(Workers_ID,(ROW()-4)),IF((ROW()-4)<=COUNTA(Workers_ID)+COUNTA(Laborers_ID),INDEX(Laborers_ID,(ROW()-4)-COUNTA(Workers_ID)),"")),"") | B6: =IF($A6="","",IFERROR(VLOOKUP($A6,Workers_Data,2,FALSE),IFERROR(VLOOKUP($A6,Laborers_Data,2,FALSE),""))) | C6: =IF($A6="","",IF(COUNTIF(Workers_ID,$A6)>0,"Worker",IF(COUNTIF(Laborers_ID,$A6)>0,"Laborer",""))) | BN6: =IF($A6="","",SUMPRODUCT((MOD(COLUMN($D6:$BM6)-COLUMN($D6),2)=0)*$D6:$BM6)) | BO6: =IF($A6="","",SUMPRODUCT((MOD(COLUMN($D6:$BM6)-COLUMN($D6),2)=1)*$D6:$BM6)) | BP6: =IF($A6="","",$BN6*IF($C6="Worker",Worker_DailyWage,IF($C6="Laborer",Laborer_DailyWage,0))) | BQ6: =IF($A6="","",$BO6*IF($C6="Worker",Worker_OTRate,IF($C6="Laborer",Laborer_OTRate,0))) | BR6: =IF($A6="","",$BP6+$BQ6)
A7: =IFERROR(IF((ROW()-4)<=COUNTA(Workers_ID),INDEX(Workers_ID,(ROW()-4)),IF((ROW()-4)<=COUNTA(Workers_ID)+COUNTA(Laborers_ID),INDEX(Laborers_ID,(ROW()-4)-COUNTA(Workers_ID)),"")),"") | B7: =IF($A7="","",IFERROR(VLOOKUP($A7,Workers_Data,2,FALSE),IFERROR(VLOOKUP($A7,Laborers_Data,2,FALSE),""))) | C7: =IF($A7="","",IF(COUNTIF(Workers_ID,$A7)>0,"Worker",IF(COUNTIF(Laborers_ID,$A7)>0,"Laborer",""))) | BN7: =IF($A7="","",SUMPRODUCT((MOD(COLUMN($D7:$BM7)-COLUMN($D7),2)=0)*$D7:$BM7)) | BO7: =IF($A7="","",SUMPRODUCT((MOD(COLUMN($D7:$BM7)-COLUMN($D7),2)=1)*$D7:$BM7)) | BP7: =IF($A7="","",$BN7*IF($C7="Worker",Worker_DailyWage,IF($C7="Laborer",Laborer_DailyWage,0))) | BQ7: =IF($A7="","",$BO7*IF($C7="Worker",Worker_OTRate,IF($C7="Laborer",Laborer_OTRate,0))) | BR7: =IF($A7="","",$BP7+$BQ7)
A8: =IFERROR(IF((ROW()-4)<=COUNTA(Workers_ID),INDEX(Workers_ID,(ROW()-4)),IF((ROW()-4)<=COUNTA(Workers_ID)+COUNTA(Laborers_ID),INDEX(Laborers_ID,(ROW()-4)-COUNTA(Workers_ID)),"")),"") | B8: =IF($A8="","",IFERROR(VLOOKUP($A8,Workers_Data,2,FALSE),IFERROR(VLOOKUP($A8,Laborers_Data,2,FALSE),""))) | C8: =IF($A8="","",IF(COUNTIF(Workers_ID,$A8)>0,"Worker",IF(COUNTIF(Laborers_ID,$A8)>0,"Laborer",""))) | BN8: =IF($A8="","",SUMPRODUCT((MOD(COLUMN($D8:$BM8)-COLUMN($D8),2)=0)*$D8:$BM8)) | BO8: =IF($A8="","",SUMPRODUCT((MOD(COLUMN($D8:$BM8)-COLUMN($D8),2)=1)*$D8:$BM8)) | BP8: =IF($A8="","",$BN8*IF($C8="Worker",Worker_DailyWage,IF($C8="Laborer",Laborer_DailyWage,0))) | BQ8: =IF($A8="","",$BO8*IF($C8="Worker",Worker_OTRate,IF($C8="Laborer",Laborer_OTRate,0))) | BR8: =IF($A8="","",$BP8+$BQ8)
A9: =IFERROR(IF((ROW()-4)<=COUNTA(Workers_ID),INDEX(Workers_ID,(ROW()-4)),IF((ROW()-4)<=COUNTA(Workers_ID)+COUNTA(Laborers_ID),INDEX(Laborers_ID,(ROW()-4)-COUNTA(Workers_ID)),"")),"") | B9: =IF($A9="","",IFERROR(VLOOKUP($A9,Workers_Data,2,FALSE),IFERROR(VLOOKUP($A9,Laborers_Data,2,FALSE),""))) | C9: =IF($A9="","",IF(COUNTIF(Workers_ID,$A9)>0,"Worker",IF(COUNTIF(Laborers_ID,$A9)>0,"Laborer",""))) | BN9: =IF($A9="","",SUMPRODUCT((MOD(COLUMN($D9:$BM9)-COLUMN($D9),2)=0)*$D9:$BM9)) | BO9: =IF($A9="","",SUMPRODUCT((MOD(COLUMN($D9:$BM9)-COLUMN($D9),2)=1)*$D9:$BM9)) | BP9: =IF($A9="","",$BN9*IF($C9="Worker",Worker_DailyWage,IF($C9="Laborer",Laborer_DailyWage,0))) | BQ9: =IF($A9="","",$BO9*IF($C9="Worker",Worker_OTRate,IF($C9="Laborer",Laborer_OTRate,0))) | BR9: =IF($A9="","",$BP9+$BQ9)
A10: =IFERROR(IF((ROW()-4)<=COUNTA(Workers_ID),INDEX(Workers_ID,(ROW()-4)),IF((ROW()-4)<=COUNTA(Workers_ID)+COUNTA(Laborers_ID),INDEX(Laborers_ID,(ROW()-4)-COUNTA(Workers_ID)),"")),"") | B10: =IF($A10="","",IFERROR(VLOOKUP($A10,Workers_Data,2,FALSE),IFERROR(VLOOKUP($A10,Laborers_Data,2,FALSE),""))) | C10: =IF($A10="","",IF(COUNTIF(Workers_ID,$A10)>0,"Worker",IF(COUNTIF(Laborers_ID,$A10)>0,"Laborer",""))) | BN10: =IF($A10="","",SUMPRODUCT((MOD(COLUMN($D10:$BM10)-COLUMN($D10),2)=0)*$D10:$BM10)) | BO10: =IF($A10="","",SUMPRODUCT((MOD(COLUMN($D10:$BM10)-COLUMN($D10),2)=1)*$D10:$BM10)) | BP10: =IF($A10="","",$BN10*IF($C10="Worker",Worker_DailyWage,IF($C10="Laborer",Laborer_DailyWage,0))) | BQ10: =IF($A10="","",$BO10*IF($C10="Worker",Worker_OTRate,IF($C10="Laborer",Laborer_OTRate,0))) | BR10: =IF($A10="","",$BP10+$BQ10)
A11: =IFERROR(IF((ROW()-4)<=COUNTA(Workers_ID),INDEX(Workers_ID,(ROW()-4)),IF((ROW()-4)<=COUNTA(Workers_ID)+COUNTA(Laborers_ID),INDEX(Laborers_ID,(ROW()-4)-COUNTA(Workers_ID)),"")),"") | B11: =IF($A11="","",IFERROR(VLOOKUP($A11,Workers_Data,2,FALSE),IFERROR(VLOOKUP($A11,Laborers_Data,2,FALSE),""))) | C11: =IF($A11="","",IF(COUNTIF(Workers_ID,$A11)>0,"Worker",IF(COUNTIF(Laborers_ID,$A11)>0,"Laborer",""))) | BN11: =IF($A11="","",SUMPRODUCT((MOD(COLUMN($D11:$BM11)-COLUMN($D11),2)=0)*$D11:$BM11)) | BO11: =IF($A11="","",SUMPRODUCT((MOD(COLUMN($D11:$BM11)-COLUMN($D11),2)=1)*$D11:$BM11)) | BP11: =IF($A11="","",$BN11*IF($C11="Worker",Worker_DailyWage,IF($C11="Laborer",Laborer_DailyWage,0))) | BQ11: =IF($A11="","",$BO11*IF($C11="Worker",Worker_OTRate,IF($C11="Laborer",Laborer_OTRate,0))) | BR11: =IF($A11="","",$BP11+$BQ11)
A12: =IFERROR(IF((ROW()-4)<=COUNTA(Workers_ID),INDEX(Workers_ID,(ROW()-4)),IF((ROW()-4)<=COUNTA(Workers_ID)+COUNTA(Laborers_ID),INDEX(Laborers_ID,(ROW()-4)-COUNTA(Workers_ID)),"")),"") | B12: =IF($A12="","",IFERROR(VLOOKUP($A12,Workers_Data,2,FALSE),IFERROR(VLOOKUP($A12,Laborers_Data,2,FALSE),""))) | C12: =IF($A12="","",IF(COUNTIF(Workers_ID,$A12)>0,"Worker",IF(COUNTIF(Laborers_ID,$A12)>0,"Laborer",""))) | BN12: =IF($A12="","",SUMPRODUCT((MOD(COLUMN($D12:$BM12)-COLUMN($D12),2)=0)*$D12:$BM12)) | BO12: =IF($A12="","",SUMPRODUCT((MOD(COLUMN($D12:$BM12)-COLUMN($D12),2)=1)*$D12:$BM12)) | BP12: =IF($A12="","",$BN12*IF($C12="Worker",Worker_DailyWage,IF($C12="Laborer",Laborer_DailyWage,0))) | BQ12: =IF($A12="","",$BO12*IF($C12="Worker",Worker_OTRate,IF($C12="Laborer",Laborer_OTRate,0))) | BR12: =IF($A12="","",$BP12+$BQ12)
A13: =IFERROR(IF((ROW()-4)<=COUNTA(Workers_ID),INDEX(Workers_ID,(ROW()-4)),IF((ROW()-4)<=COUNTA(Workers_ID)+COUNTA(Laborers_ID),INDEX(Laborers_ID,(ROW()-4)-COUNTA(Workers_ID)),"")),"") | B13: =IF($A13="","",IFERROR(VLOOKUP($A13,Workers_Data,2,FALSE),IFERROR(VLOOKUP($A13,Laborers_Data,2,FALSE),""))) | C13: =IF($A13="","",IF(COUNTIF(Workers_ID,$A13)>0,"Worker",IF(COUNTIF(Laborers_ID,$A13)>0,"Laborer",""))) | BN13: =IF($A13="","",SUMPRODUCT((MOD(COLUMN($D13:$BM13)-COLUMN($D13),2)=0)*$D13:$BM13)) | BO13: =IF($A13="","",SUMPRODUCT((MOD(COLUMN($D13:$BM13)-COLUMN($D13),2)=1)*$D13:$BM13)) | BP13: =IF($A13="","",$BN13*IF($C13="Worker",Worker_DailyWage,IF($C13="Laborer",Laborer_DailyWage,0))) | BQ13: =IF($A13="","",$BO13*IF($C13="Worker",Worker_OTRate,IF($C13="Laborer",Laborer_OTRate,0))) | BR13: =IF($A13="","",$BP13+$BQ13)
A14: =IFERROR(IF((ROW()-4)<=COUNTA(Workers_ID),INDEX(Workers_ID,(ROW()-4)),IF((ROW()-4)<=COUNTA(Workers_ID)+COUNTA(Laborers_ID),INDEX(Laborers_ID,(ROW()-4)-COUNTA(Workers_ID)),"")),"") | B14: =IF($A14="","",IFERROR(VLOOKUP($A14,Workers_Data,2,FALSE),IFERROR(VLOOKUP($A14,Laborers_Data,2,FALSE),""))) | C14: =IF($A14="","",IF(COUNTIF(Workers_ID,$A14)>0,"Worker",IF(COUNTIF(Laborers_ID,$A14)>0,"Laborer",""))) | BN14: =IF($A14="","",SUMPRODUCT((MOD(COLUMN($D14:$BM14)-COLUMN($D14),2)=0)*$D14:$BM14)) | BO14: =IF($A14="","",SUMPRODUCT((MOD(COLUMN($D14:$BM14)-COLUMN($D14),2)=1)*$D14:$BM14)) | BP14: =IF($A14="","",$BN14*IF($C14="Worker",Worker_DailyWage,IF($C14="Laborer",Laborer_DailyWage,0))) | BQ14: =IF($A14="","",$BO14*IF($C14="Worker",Worker_OTRate,IF($C14="Laborer",Laborer_OTRate,0))) | BR14: =IF($A14="","",$BP14+$BQ14)
A15: =IFERROR(IF((ROW()-4)<=COUNTA(Workers_ID),INDEX(Workers_ID,(ROW()-4)),IF((ROW()-4)<=COUNTA(Workers_ID)+COUNTA(Laborers_ID),INDEX(Laborers_ID,(ROW()-4)-COUNTA(Workers_ID)),"")),"") | B15: =IF($A15="","",IFERROR(VLOOKUP($A15,Workers_Data,2,FALSE),IFERROR(VLOOKUP($A15,Laborers_Data,2,FALSE),""))) | C15: =IF($A15="","",IF(COUNTIF(Workers_ID,$A15)>0,"Worker",IF(COUNTIF(Laborers_ID,$A15)>0,"Laborer",""))) | BN15: =IF($A15="","",SUMPRODUCT((MOD(COLUMN($D15:$BM15)-COLUMN($D15),2)=0)*$D15:$BM15)) | BO15: =IF($A15="","",SUMPRODUCT((MOD(COLUMN($D15:$BM15)-COLUMN($D15),2)=1)*$D15:$BM15)) | BP15: =IF($A15="","",$BN15*IF($C15="Worker",Worker_DailyWage,IF($C15="Laborer",Laborer_DailyWage,0))) | BQ15: =IF($A15="","",$BO15*IF($C15="Worker",Worker_OTRate,IF($C15="Laborer",Laborer_OTRate,0))) | BR15: =IF($A15="","",$BP15+$BQ15)
A16: =IFERROR(IF((ROW()-4)<=COUNTA(Workers_ID),INDEX(Workers_ID,(ROW()-4)),IF((ROW()-4)<=COUNTA(Workers_ID)+COUNTA(Laborers_ID),INDEX(Laborers_ID,(ROW()-4)-COUNTA(Workers_ID)),"")),"") | B16: =IF($A16="","",IFERROR(VLOOKUP($A16,Workers_Data,2,FALSE),IFERROR(VLOOKUP($A16,Laborers_Data,2,FALSE),""))) | C16: =IF($A16="","",IF(COUNTIF(Workers_ID,$A16)>0,"Worker",IF(COUNTIF(Laborers_ID,$A16)>0,"Laborer",""))) | BN16: =IF($A16="","",SUMPRODUCT((MOD(COLUMN($D16:$BM16)-COLUMN($D16),2)=0)*$D16:$BM16)) | BO16: =IF($A16="","",SUMPRODUCT((MOD(COLUMN($D16:$BM16)-COLUMN($D16),2)=1)*$D16:$BM16)) | BP16: =IF($A16="","",$BN16*IF($C16="Worker",Worker_DailyWage,IF($C16="Laborer",Laborer_DailyWage,0))) | BQ16: =IF($A16="","",$BO16*IF($C16="Worker",Worker_OTRate,IF($C16="Laborer",Laborer_OTRate,0))) | BR16: =IF($A16="","",$BP16+$BQ16)
... A164: =IFERROR(IF((ROW()-4)<=COUNTA(Workers_ID),INDEX(Workers_ID,(ROW()-4)),IF((ROW()-4)<=COUNTA(Workers_ID)+COUNTA(Laborers_ID),INDEX(Laborers_ID,(ROW()-4)-COUNTA(Workers_ID)),"")),"") | B164: =IF($A164="","",IFERROR(VLOOKUP($A164,Workers_Data,2,FALSE),IFERROR(VLOOKUP($A164,Laborers_Data,2,FALSE),""))) | C164: =IF($A164="","",IF(COUNTIF(Workers_ID,$A164)>0,"Worker",IF(COUNTIF(Laborers_ID,$A164)>0,"Laborer",""))) | BN164: =IF($A164="","",SUMPRODUCT((MOD(COLUMN($D164:$BM164)-COLUMN($D164),2)=0)*$D164:$BM164)) | BO164: =IF($A164="","",SUMPRODUCT((MOD(COLUMN($D164:$BM164)-COLUMN($D164),2)=1)*$D164:$BM164)) | BP164: =IF($A164="","",$BN164*IF($C164="Worker",Worker_DailyWage,IF($C164="Laborer",Laborer_DailyWage,0))) | BQ164: =IF($A164="","",$BO164*IF($C164="Worker",Worker_OTRate,IF($C164="Laborer",Laborer_OTRate,0))) | BR164: =IF($A164="","",$BP164+$BQ164)

Sheet Payroll
A1: PAYROLL — first & second half of the month
A2: Automatically split from the Daily Attendance sheet. First Half = days 1-15, Second Half = days 16-31.
A3: Employee ID | B3: Employee Name | C3: Type | D3: FIRST HALF (Days 1 - 15) | I3: SECOND HALF (Days 16 - 31) | N3: Month Total
D4: Worked Days | E4: OT Hours | F4: Regular Pay | G4: Overtime Pay | H4: Total Due | I4: Worked Days | J4: OT Hours | K4: Regular Pay | L4: Overtime Pay | M4: Total Due
A5: =IF('Daily Attendance'!A5="","",'Daily Attendance'!A5) | B5: =IF($A5="","",'Daily Attendance'!B5) | C5: =IF($A5="","",'Daily Attendance'!C5) | D5: =IF($A5="","",SUMPRODUCT((MOD(COLUMN('Daily Attendance'!$D5:$AG5)-COLUMN('Daily Attendance'!$D5),2)=0)*'Daily Attendance'!$D5:$AG5)) | E5: =IF($A5="","",SUMPRODUCT((MOD(COLUMN('Daily Attendance'!$D5:$AG5)-COLUMN('Daily Attendance'!$D5),2)=1)*'Daily Attendance'!$D5:$AG5)) | F5: =IF($A5="","",$D5*IF($C5="Worker",Worker_DailyWage,IF($C5="Laborer",Laborer_DailyWage,0))) | G5: =IF($A5="","",$E5*IF($C5="Worker",Worker_OTRate,IF($C5="Laborer",Laborer_OTRate,0))) | H5: =IF($A5="","",$F5+$G5) | I5: =IF($A5="","",SUMPRODUCT((MOD(COLUMN('Daily Attendance'!$AH5:$BM5)-COLUMN('Daily Attendance'!$AH5),2)=0)*'Daily Attendance'!$AH5:$BM5)) | J5: =IF($A5="","",SUMPRODUCT((MOD(COLUMN('Daily Attendance'!$AH5:$BM5)-COLUMN('Daily Attendance'!$AH5),2)=1)*'Daily Attendance'!$AH5:$BM5)) | K5: =IF($A5="","",$I5*IF($C5="Worker",Worker_DailyWage,IF($C5="Laborer",Laborer_DailyWage,0))) | L5: =IF($A5="","",$J5*IF($C5="Worker",Worker_OTRate,IF($C5="Laborer",Laborer_OTRate,0))) | M5: =IF($A5="","",$K5+$L5) | N5: =IF($A5="","",$H5+$M5)
A6: =IF('Daily Attendance'!A6="","",'Daily Attendance'!A6) | B6: =IF($A6="","",'Daily Attendance'!B6) | C6: =IF($A6="","",'Daily Attendance'!C6) | D6: =IF($A6="","",SUMPRODUCT((MOD(COLUMN('Daily Attendance'!$D6:$AG6)-COLUMN('Daily Attendance'!$D6),2)=0)*'Daily Attendance'!$D6:$AG6)) | E6: =IF($A6="","",SUMPRODUCT((MOD(COLUMN('Daily Attendance'!$D6:$AG6)-COLUMN('Daily Attendance'!$D6),2)=1)*'Daily Attendance'!$D6:$AG6)) | F6: =IF($A6="","",$D6*IF($C6="Worker",Worker_DailyWage,IF($C6="Laborer",Laborer_DailyWage,0))) | G6: =IF($A6="","",$E6*IF($C6="Worker",Worker_OTRate,IF($C6="Laborer",Laborer_OTRate,0))) | H6: =IF($A6="","",$F6+$G6) | I6: =IF($A6="","",SUMPRODUCT((MOD(COLUMN('Daily Attendance'!$AH6:$BM6)-COLUMN('Daily Attendance'!$AH6),2)=0)*'Daily Attendance'!$AH6:$BM6)) | J6: =IF($A6="","",SUMPRODUCT((MOD(COLUMN('Daily Attendance'!$AH6:$BM6)-COLUMN('Daily Attendance'!$AH6),2)=1)*'Daily Attendance'!$AH6:$BM6)) | K6: =IF($A6="","",$I6*IF($C6="Worker",Worker_DailyWage,IF($C6="Laborer",Laborer_DailyWage,0))) | L6: =IF($A6="","",$J6*IF($C6="Worker",Worker_OTRate,IF($C6="Laborer",Laborer_OTRate,0))) | M6: =IF($A6="","",$K6+$L6) | N6: =IF($A6="","",$H6+$M6)
A7: =IF('Daily Attendance'!A7="","",'Daily Attendance'!A7) | B7: =IF($A7="","",'Daily Attendance'!B7) | C7: =IF($A7="","",'Daily Attendance'!C7) | D7: =IF($A7="","",SUMPRODUCT((MOD(COLUMN('Daily Attendance'!$D7:$AG7)-COLUMN('Daily Attendance'!$D7),2)=0)*'Daily Attendance'!$D7:$AG7)) | E7: =IF($A7="","",SUMPRODUCT((MOD(COLUMN('Daily Attendance'!$D7:$AG7)-COLUMN('Daily Attendance'!$D7),2)=1)*'Daily Attendance'!$D7:$AG7)) | F7: =IF($A7="","",$D7*IF($C7="Worker",Worker_DailyWage,IF($C7="Laborer",Laborer_DailyWage,0))) | G7: =IF($A7="","",$E7*IF($C7="Worker",Worker_OTRate,IF($C7="Laborer",Laborer_OTRate,0))) | H7: =IF($A7="","",$F7+$G7) | I7: =IF($A7="","",SUMPRODUCT((MOD(COLUMN('Daily Attendance'!$AH7:$BM7)-COLUMN('Daily Attendance'!$AH7),2)=0)*'Daily Attendance'!$AH7:$BM7)) | J7: =IF($A7="","",SUMPRODUCT((MOD(COLUMN('Daily Attendance'!$AH7:$BM7)-COLUMN('Daily Attendance'!$AH7),2)=1)*'Daily Attendance'!$AH7:$BM7)) | K7: =IF($A7="","",$I7*IF($C7="Worker",Worker_DailyWage,IF($C7="Laborer",Laborer_DailyWage,0))) | L7: =IF($A7="","",$J7*IF($C7="Worker",Worker_OTRate,IF($C7="Laborer",Laborer_OTRate,0))) | M7: =IF($A7="","",$K7+$L7) | N7: =IF($A7="","",$H7+$M7)
A8: =IF('Daily Attendance'!A8="","",'Daily Attendance'!A8) | B8: =IF($A8="","",'Daily Attendance'!B8) | C8: =IF($A8="","",'Daily Attendance'!C8) | D8: =IF($A8="","",SUMPRODUCT((MOD(COLUMN('Daily Attendance'!$D8:$AG8)-COLUMN('Daily Attendance'!$D8),2)=0)*'Daily Attendance'!$D8:$AG8)) | E8: =IF($A8="","",SUMPRODUCT((MOD(COLUMN('Daily Attendance'!$D8:$AG8)-COLUMN('Daily Attendance'!$D8),2)=1)*'Daily Attendance'!$D8:$AG8)) | F8: =IF($A8="","",$D8*IF($C8="Worker",Worker_DailyWage,IF($C8="Laborer",Laborer_DailyWage,0))) | G8: =IF($A8="","",$E8*IF($C8="Worker",Worker_OTRate,IF($C8="Laborer",Laborer_OTRate,0))) | H8: =IF($A8="","",$F8+$G8) | I8: =IF($A8="","",SUMPRODUCT((MOD(COLUMN('Daily Attendance'!$AH8:$BM8)-COLUMN('Daily Attendance'!$AH8),2)=0)*'Daily Attendance'!$AH8:$BM8)) | J8: =IF($A8="","",SUMPRODUCT((MOD(COLUMN('Daily Attendance'!$AH8:$BM8)-COLUMN('Daily Attendance'!$AH8),2)=1)*'Daily Attendance'!$AH8:$BM8)) | K8: =IF($A8="","",$I8*IF($C8="Worker",Worker_DailyWage,IF($C8="Laborer",Laborer_DailyWage,0))) | L8: =IF($A8="","",$J8*IF($C8="Worker",Worker_OTRate,IF($C8="Laborer",Laborer_OTRate,0))) | M8: =IF($A8="","",$K8+$L8) | N8: =IF($A8="","",$H8+$M8)
A9: =IF('Daily Attendance'!A9="","",'Daily Attendance'!A9) | B9: =IF($A9="","",'Daily Attendance'!B9) | C9: =IF($A9="","",'Daily Attendance'!C9) | D9: =IF($A9="","",SUMPRODUCT((MOD(COLUMN('Daily Attendance'!$D9:$AG9)-COLUMN('Daily Attendance'!$D9),2)=0)*'Daily Attendance'!$D9:$AG9)) | E9: =IF($A9="","",SUMPRODUCT((MOD(COLUMN('Daily Attendance'!$D9:$AG9)-COLUMN('Daily Attendance'!$D9),2)=1)*'Daily Attendance'!$D9:$AG9)) | F9: =IF($A9="","",$D9*IF($C9="Worker",Worker_DailyWage,IF($C9="Laborer",Laborer_DailyWage,0))) | G9: =IF($A9="","",$E9*IF($C9="Worker",Worker_OTRate,IF($C9="Laborer",Laborer_OTRate,0))) | H9: =IF($A9="","",$F9+$G9) | I9: =IF($A9="","",SUMPRODUCT((MOD(COLUMN('Daily Attendance'!$AH9:$BM9)-COLUMN('Daily Attendance'!$AH9),2)=0)*'Daily Attendance'!$AH9:$BM9)) | J9: =IF($A9="","",SUMPRODUCT((MOD(COLUMN('Daily Attendance'!$AH9:$BM9)-COLUMN('Daily Attendance'!$AH9),2)=1)*'Daily Attendance'!$AH9:$BM9)) | K9: =IF($A9="","",$I9*IF($C9="Worker",Worker_DailyWage,IF($C9="Laborer",Laborer_DailyWage,0))) | L9: =IF($A9="","",$J9*IF($C9="Worker",Worker_OTRate,IF($C9="Laborer",Laborer_OTRate,0))) | M9: =IF($A9="","",$K9+$L9) | N9: =IF($A9="","",$H9+$M9)
A10: =IF('Daily Attendance'!A10="","",'Daily Attendance'!A10) | B10: =IF($A10="","",'Daily Attendance'!B10) | C10: =IF($A10="","",'Daily Attendance'!C10) | D10: =IF($A10="","",SUMPRODUCT((MOD(COLUMN('Daily Attendance'!$D10:$AG10)-COLUMN('Daily Attendance'!$D10),2)=0)*'Daily Attendance'!$D10:$AG10)) | E10: =IF($A10="","",SUMPRODUCT((MOD(COLUMN('Daily Attendance'!$D10:$AG10)-COLUMN('Daily Attendance'!$D10),2)=1)*'Daily Attendance'!$D10:$AG10)) | F10: =IF($A10="","",$D10*IF($C10="Worker",Worker_DailyWage,IF($C10="Laborer",Laborer_DailyWage,0))) | G10: =IF($A10="","",$E10*IF($C10="Worker",Worker_OTRate,IF($C10="Laborer",Laborer_OTRate,0))) | H10: =IF($A10="","",$F10+$G10) | I10: =IF($A10="","",SUMPRODUCT((MOD(COLUMN('Daily Attendance'!$AH10:$BM10)-COLUMN('Daily Attendance'!$AH10),2)=0)*'Daily Attendance'!$AH10:$BM10)) | J10: =IF($A10="","",SUMPRODUCT((MOD(COLUMN('Daily Attendance'!$AH10:$BM10)-COLUMN('Daily Attendance'!$AH10),2)=1)*'Daily Attendance'!$AH10:$BM10)) | K10: =IF($A10="","",$I10*IF($C10="Worker",Worker_DailyWage,IF($C10="Laborer",Laborer_DailyWage,0))) | L10: =IF($A10="","",$J10*IF($C10="Worker",Worker_OTRate,IF($C10="Laborer",Laborer_OTRate,0))) | M10: =IF($A10="","",$K10+$L10) | N10: =IF($A10="","",$H10+$M10)
A11: =IF('Daily Attendance'!A11="","",'Daily Attendance'!A11) | B11: =IF($A11="","",'Daily Attendance'!B11) | C11: =IF($A11="","",'Daily Attendance'!C11) | D11: =IF($A11="","",SUMPRODUCT((MOD(COLUMN('Daily Attendance'!$D11:$AG11)-COLUMN('Daily Attendance'!$D11),2)=0)*'Daily Attendance'!$D11:$AG11)) | E11: =IF($A11="","",SUMPRODUCT((MOD(COLUMN('Daily Attendance'!$D11:$AG11)-COLUMN('Daily Attendance'!$D11),2)=1)*'Daily Attendance'!$D11:$AG11)) | F11: =IF($A11="","",$D11*IF($C11="Worker",Worker_DailyWage,IF($C11="Laborer",Laborer_DailyWage,0))) | G11: =IF($A11="","",$E11*IF($C11="Worker",Worker_OTRate,IF($C11="Laborer",Laborer_OTRate,0))) | H11: =IF($A11="","",$F11+$G11) | I11: =IF($A11="","",SUMPRODUCT((MOD(COLUMN('Daily Attendance'!$AH11:$BM11)-COLUMN('Daily Attendance'!$AH11),2)=0)*'Daily Attendance'!$AH11:$BM11)) | J11: =IF($A11="","",SUMPRODUCT((MOD(COLUMN('Daily Attendance'!$AH11:$BM11)-COLUMN('Daily Attendance'!$AH11),2)=1)*'Daily Attendance'!$AH11:$BM11)) | K11: =IF($A11="","",$I11*IF($C11="Worker",Worker_DailyWage,IF($C11="Laborer",Laborer_DailyWage,0))) | L11: =IF($A11="","",$J11*IF($C11="Worker",Worker_OTRate,IF($C11="Laborer",Laborer_OTRate,0))) | M11: =IF($A11="","",$K11+$L11) | N11: =IF($A11="","",$H11+$M11)
A12: =IF('Daily Attendance'!A12="","",'Daily Attendance'!A12) | B12: =IF($A12="","",'Daily Attendance'!B12) | C12: =IF($A12="","",'Daily Attendance'!C12) | D12: =IF($A12="","",SUMPRODUCT((MOD(COLUMN('Daily Attendance'!$D12:$AG12)-COLUMN('Daily Attendance'!$D12),2)=0)*'Daily Attendance'!$D12:$AG12)) | E12: =IF($A12="","",SUMPRODUCT((MOD(COLUMN('Daily Attendance'!$D12:$AG12)-COLUMN('Daily Attendance'!$D12),2)=1)*'Daily Attendance'!$D12:$AG12)) | F12: =IF($A12="","",$D12*IF($C12="Worker",Worker_DailyWage,IF($C12="Laborer",Laborer_DailyWage,0))) | G12: =IF($A12="","",$E12*IF($C12="Worker",Worker_OTRate,IF($C12="Laborer",Laborer_OTRate,0))) | H12: =IF($A12="","",$F12+$G12) | I12: =IF($A12="","",SUMPRODUCT((MOD(COLUMN('Daily Attendance'!$AH12:$BM12)-COLUMN('Daily Attendance'!$AH12),2)=0)*'Daily Attendance'!$AH12:$BM12)) | J12: =IF($A12="","",SUMPRODUCT((MOD(COLUMN('Daily Attendance'!$AH12:$BM12)-COLUMN('Daily Attendance'!$AH12),2)=1)*'Daily Attendance'!$AH12:$BM12)) | K12: =IF($A12="","",$I12*IF($C12="Worker",Worker_DailyWage,IF($C12="Laborer",Laborer_DailyWage,0))) | L12: =IF($A12="","",$J12*IF($C12="Worker",Worker_OTRate,IF($C12="Laborer",Laborer_OTRate,0))) | M12: =IF($A12="","",$K12+$L12) | N12: =IF($A12="","",$H12+$M12)
A13: =IF('Daily Attendance'!A13="","",'Daily Attendance'!A13) | B13: =IF($A13="","",'Daily Attendance'!B13) | C13: =IF($A13="","",'Daily Attendance'!C13) | D13: =IF($A13="","",SUMPRODUCT((MOD(COLUMN('Daily Attendance'!$D13:$AG13)-COLUMN('Daily Attendance'!$D13),2)=0)*'Daily Attendance'!$D13:$AG13)) | E13: =IF($A13="","",SUMPRODUCT((MOD(COLUMN('Daily Attendance'!$D13:$AG13)-COLUMN('Daily Attendance'!$D13),2)=1)*'Daily Attendance'!$D13:$AG13)) | F13: =IF($A13="","",$D13*IF($C13="Worker",Worker_DailyWage,IF($C13="Laborer",Laborer_DailyWage,0))) | G13: =IF($A13="","",$E13*IF($C13="Worker",Worker_OTRate,IF($C13="Laborer",Laborer_OTRate,0))) | H13: =IF($A13="","",$F13+$G13) | I13: =IF($A13="","",SUMPRODUCT((MOD(COLUMN('Daily Attendance'!$AH13:$BM13)-COLUMN('Daily Attendance'!$AH13),2)=0)*'Daily Attendance'!$AH13:$BM13)) | J13: =IF($A13="","",SUMPRODUCT((MOD(COLUMN('Daily Attendance'!$AH13:$BM13)-COLUMN('Daily Attendance'!$AH13),2)=1)*'Daily Attendance'!$AH13:$BM13)) | K13: =IF($A13="","",$I13*IF($C13="Worker",Worker_DailyWage,IF($C13="Laborer",Laborer_DailyWage,0))) | L13: =IF($A13="","",$J13*IF($C13="Worker",Worker_OTRate,IF($C13="Laborer",Laborer_OTRate,0))) | M13: =IF($A13="","",$K13+$L13) | N13: =IF($A13="","",$H13+$M13)
A14: =IF('Daily Attendance'!A14="","",'Daily Attendance'!A14) | B14: =IF($A14="","",'Daily Attendance'!B14) | C14: =IF($A14="","",'Daily Attendance'!C14) | D14: =IF($A14="","",SUMPRODUCT((MOD(COLUMN('Daily Attendance'!$D14:$AG14)-COLUMN('Daily Attendance'!$D14),2)=0)*'Daily Attendance'!$D14:$AG14)) | E14: =IF($A14="","",SUMPRODUCT((MOD(COLUMN('Daily Attendance'!$D14:$AG14)-COLUMN('Daily Attendance'!$D14),2)=1)*'Daily Attendance'!$D14:$AG14)) | F14: =IF($A14="","",$D14*IF($C14="Worker",Worker_DailyWage,IF($C14="Laborer",Laborer_DailyWage,0))) | G14: =IF($A14="","",$E14*IF($C14="Worker",Worker_OTRate,IF($C14="Laborer",Laborer_OTRate,0))) | H14: =IF($A14="","",$F14+$G14) | I14: =IF($A14="","",SUMPRODUCT((MOD(COLUMN('Daily Attendance'!$AH14:$BM14)-COLUMN('Daily Attendance'!$AH14),2)=0)*'Daily Attendance'!$AH14:$BM14)) | J14: =IF($A14="","",SUMPRODUCT((MOD(COLUMN('Daily Attendance'!$AH14:$BM14)-COLUMN('Daily Attendance'!$AH14),2)=1)*'Daily Attendance'!$AH14:$BM14)) | K14: =IF($A14="","",$I14*IF($C14="Worker",Worker_DailyWage,IF($C14="Laborer",Laborer_DailyWage,0))) | L14: =IF($A14="","",$J14*IF($C14="Worker",Worker_OTRate,IF($C14="Laborer",Laborer_OTRate,0))) | M14: =IF($A14="","",$K14+$L14) | N14: =IF($A14="","",$H14+$M14)
A15: =IF('Daily Attendance'!A15="","",'Daily Attendance'!A15) | B15: =IF($A15="","",'Daily Attendance'!B15) | C15: =IF($A15="","",'Daily Attendance'!C15) | D15: =IF($A15="","",SUMPRODUCT((MOD(COLUMN('Daily Attendance'!$D15:$AG15)-COLUMN('Daily Attendance'!$D15),2)=0)*'Daily Attendance'!$D15:$AG15)) | E15: =IF($A15="","",SUMPRODUCT((MOD(COLUMN('Daily Attendance'!$D15:$AG15)-COLUMN('Daily Attendance'!$D15),2)=1)*'Daily Attendance'!$D15:$AG15)) | F15: =IF($A15="","",$D15*IF($C15="Worker",Worker_DailyWage,IF($C15="Laborer",Laborer_DailyWage,0))) | G15: =IF($A15="","",$E15*IF($C15="Worker",Worker_OTRate,IF($C15="Laborer",Laborer_OTRate,0))) | H15: =IF($A15="","",$F15+$G15) | I15: =IF($A15="","",SUMPRODUCT((MOD(COLUMN('Daily Attendance'!$AH15:$BM15)-COLUMN('Daily Attendance'!$AH15),2)=0)*'Daily Attendance'!$AH15:$BM15)) | J15: =IF($A15="","",SUMPRODUCT((MOD(COLUMN('Daily Attendance'!$AH15:$BM15)-COLUMN('Daily Attendance'!$AH15),2)=1)*'Daily Attendance'!$AH15:$BM15)) | K15: =IF($A15="","",$I15*IF($C15="Worker",Worker_DailyWage,IF($C15="Laborer",Laborer_DailyWage,0))) | L15: =IF($A15="","",$J15*IF($C15="Worker",Worker_OTRate,IF($C15="Laborer",Laborer_OTRate,0))) | M15: =IF($A15="","",$K15+$L15) | N15: =IF($A15="","",$H15+$M15)
A16: =IF('Daily Attendance'!A16="","",'Daily Attendance'!A16) | B16: =IF($A16="","",'Daily Attendance'!B16) | C16: =IF($A16="","",'Daily Attendance'!C16) | D16: =IF($A16="","",SUMPRODUCT((MOD(COLUMN('Daily Attendance'!$D16:$AG16)-COLUMN('Daily Attendance'!$D16),2)=0)*'Daily Attendance'!$D16:$AG16)) | E16: =IF($A16="","",SUMPRODUCT((MOD(COLUMN('Daily Attendance'!$D16:$AG16)-COLUMN('Daily Attendance'!$D16),2)=1)*'Daily Attendance'!$D16:$AG16)) | F16: =IF($A16="","",$D16*IF($C16="Worker",Worker_DailyWage,IF($C16="Laborer",Laborer_DailyWage,0))) | G16: =IF($A16="","",$E16*IF($C16="Worker",Worker_OTRate,IF($C16="Laborer",Laborer_OTRate,0))) | H16: =IF($A16="","",$F16+$G16) | I16: =IF($A16="","",SUMPRODUCT((MOD(COLUMN('Daily Attendance'!$AH16:$BM16)-COLUMN('Daily Attendance'!$AH16),2)=0)*'Daily Attendance'!$AH16:$BM16)) | J16: =IF($A16="","",SUMPRODUCT((MOD(COLUMN('Daily Attendance'!$AH16:$BM16)-COLUMN('Daily Attendance'!$AH16),2)=1)*'Daily Attendance'!$AH16:$BM16)) | K16: =IF($A16="","",$I16*IF($C16="Worker",Worker_DailyWage,IF($C16="Laborer",Laborer_DailyWage,0))) | L16: =IF($A16="","",$J16*IF($C16="Worker",Worker_OTRate,IF($C16="Laborer",Laborer_OTRate,0))) | M16: =IF($A16="","",$K16+$L16) | N16: =IF($A16="","",$H16+$M16)
... A164: =IF('Daily Attendance'!A164="","",'Daily Attendance'!A164) | B164: =IF($A164="","",'Daily Attendance'!B164) | C164: =IF($A164="","",'Daily Attendance'!C164) | D164: =IF($A164="","",SUMPRODUCT((MOD(COLUMN('Daily Attendance'!$D164:$AG164)-COLUMN('Daily Attendance'!$D164),2)=0)*'Daily Attendance'!$D164:$AG164)) | E164: =IF($A164="","",SUMPRODUCT((MOD(COLUMN('Daily Attendance'!$D164:$AG164)-COLUMN('Daily Attendance'!$D164),2)=1)*'Daily Attendance'!$D164:$AG164)) | F164: =IF($A164="","",$D164*IF($C164="Worker",Worker_DailyWage,IF($C164="Laborer",Laborer_DailyWage,0))) | G164: =IF($A164="","",$E164*IF($C164="Worker",Worker_OTRate,IF($C164="Laborer",Laborer_OTRate,0))) | H164: =IF($A164="","",$F164+$G164) | I164: =IF($A164="","",SUMPRODUCT((MOD(COLUMN('Daily Attendance'!$AH164:$BM164)-COLUMN('Daily Attendance'!$AH164),2)=0)*'Daily Attendance'!$AH164:$BM164)) | J164: =IF($A164="","",SUMPRODUCT((MOD(COLUMN('Daily Attendance'!$AH164:$BM164)-COLUMN('Daily Attendance'!$AH164),2)=1)*'Daily Attendance'!$AH164:$BM164)) | K164: =IF($A164="","",$I164*IF($C164="Worker",Worker_DailyWage,IF($C164="Laborer",Laborer_DailyWage,0))) | L164: =IF($A164="","",$J164*IF($C164="Worker",Worker_OTRate,IF($C164="Laborer",Laborer_OTRate,0))) | M164: =IF($A164="","",$K164+$L164) | N164: =IF($A164="","",$H164+$M164)

Sheet Search
B1: EMPLOYEE SEARCH | J1: =IF($C$5<>"",IFERROR(INDEX(Att_ID,MATCH($C$5,Att_Name,0)),$C$4),$C$4)
B2: Pick an Employee ID or a Name. The card fills instantly. (If both are set, Name wins.) | J2: =IFERROR(MATCH(SelID,Att_ID,0),0)
B4: Search by Employee ID:
B5: or Search by Name:
B7: EMPLOYEE SUMMARY
B8: Employee Name | C8: =IF(OR(SelID="",SelRow=0),"-",INDEX(Att_Name,SelRow))
B9: Employee ID | C9: =IF(OR(SelID="",SelRow=0),"-",INDEX(Att_ID,SelRow)) | D9: Employee Type | E9: =IF(OR(SelID="",SelRow=0),"-",INDEX(Att_Type,SelRow))
B10: CIN Number | C10: =IF(SelID="","-",IFERROR(VLOOKUP(SelID,Workers_Data,3,FALSE),IFERROR(VLOOKUP(SelID,Laborers_Data,3,FALSE),"-"))) | D10: CNSS Number | E10: =IF(SelID="","-",IFERROR(VLOOKUP(SelID,Workers_Data,4,FALSE),IFERROR(VLOOKUP(SelID,Laborers_Data,4,FALSE),"-")))
B11: PAYROLL DETAILS
B12: Worked Days | C12: =IF(OR(SelID="",SelRow=0),"-",INDEX(Att_Worked,SelRow)) | D12: Overtime Hours | E12: =IF(OR(SelID="",SelRow=0),"-",INDEX(Att_OT,SelRow))
B13: First Half Salary | C13: =IF(OR(SelID="",SelRow=0),"-",INDEX(Pay_FH,SelRow)) | D13: Second Half Salary | E13: =IF(OR(SelID="",SelRow=0),"-",INDEX(Pay_SH,SelRow))
B14: Monthly (Regular) Salary | C14: =IF(OR(SelID="",SelRow=0),"-",INDEX(Att_Reg,SelRow)) | D14: Overtime Pay | E14: =IF(OR(SelID="",SelRow=0),"-",INDEX(Att_OTSal,SelRow))
B15: TOTAL AMOUNT DUE | D15: =IF(OR(SelID="",SelRow=0),"-",INDEX(Att_Total,SelRow))

Sheet Payslip
B1: =CompanyName | J1: =$C$4
B2: ="PAYSLIP / BULLETIN DE PAIE - "&PayrollMonth | J2: =IFERROR(MATCH(PS_ID,Att_ID,0),0)
B4: Select Employee ID:
B6: EMPLOYEE INFORMATION
B7: Employee ID | C7: =IF(OR(PS_ID="",PS_Row=0),"-",INDEX(Att_ID,PS_Row)) | E7: Month | F7: =PayrollMonth
B8: Employee Name | C8: =IF(OR(PS_ID="",PS_Row=0),"-",INDEX(Att_Name,PS_Row))
B9: Employee Type | C9: =IF(OR(PS_ID="",PS_Row=0),"-",INDEX(Att_Type,PS_Row)) | E9: CIN Number | F9: =IF(PS_ID="","-",IFERROR(VLOOKUP(PS_ID,Workers_Data,3,FALSE),IFERROR(VLOOKUP(PS_ID,Laborers_Data,3,FALSE),"-")))
B10: CNSS Number | C10: =IF(PS_ID="","-",IFERROR(VLOOKUP(PS_ID,Workers_Data,4,FALSE),IFERROR(VLOOKUP(PS_ID,Laborers_Data,4,FALSE),"-")))
B12: EARNINGS
B13: Worked Days | C13: =IF(OR(PS_ID="",PS_Row=0),"-",INDEX(Att_Worked,PS_Row)) | E13: Overtime Hours | F13: =IF(OR(PS_ID="",PS_Row=0),"-",INDEX(Att_OT,PS_Row))
B14: Regular Salary | C14: =IF(OR(PS_ID="",PS_Row=0),"-",INDEX(Att_Reg,PS_Row)) | E14: Overtime Salary | F14: =IF(OR(PS_ID="",PS_Row=0),"-",INDEX(Att_OTSal,PS_Row))
B16: TOTAL SALARY | D16: =IF(OR(PS_ID="",PS_Row=0),"-",INDEX(Att_Total,PS_Row))
B20: ="Date: "&TEXT(TODAY(),"dd/mm/yyyy")
B22: Employee Signature | E22: Manager Signature

Sheet Dashboard
B1: PAYROLL DASHBOARD
B2: Live statistics — everything recalculates as attendance is entered.
B4: Total Workers | D4: Total Laborers | F4: Total Worked Days | H4: Total Overtime Cost
B5: =COUNTA(Workers_ID) | D5: =COUNTA(Laborers_ID) | F5: =SUM(Att_Worked) | H5: =SUM(Att_OTSal)
B7: Total Payroll | D7: Average Salary | F7: Highest Salary | H7: Lowest Salary
B8: =SUM(Att_Total) | D8: =IFERROR(AVERAGEIF(Att_Total,">0"),0) | F8: =IFERROR(MAX(Att_Total),0) | H8: =IFERROR(MINIFS(Att_Total,Att_Total,">0"),0)
B11: Workforce | C11: Count | E11: Payroll Split | F11: MAD
B12: Workers | C12: =COUNTA(Workers_ID) | E12: Regular Pay | F12: =SUM(Att_Reg)
B13: Laborers | C13: =COUNTA(Laborers_ID) | E13: Overtime Pay | F13: =SUM(Att_OTSal)

Sheet Monthly Report
A1: MONTHLY PAYROLL REPORT
A2: =" Company: "&CompanyName&" Month: "&PayrollMonth
A3: # | B3: Employee ID | C3: Name | D3: Type | E3: CIN Number | F3: CNSS Number | G3: Worked Days | H3: OT Hours | I3: Regular Salary | J3: Overtime Salary | K3: Total Salary
A4: =IF($B4="","",SUMPRODUCT(--($B$4:$B4<>""))) | B4: =IF('Daily Attendance'!A5="","",'Daily Attendance'!A5) | C4: =IF($B4="","",'Daily Attendance'!B5) | D4: =IF($B4="","",'Daily Attendance'!C5) | E4: =IF($B4="","",IFERROR(VLOOKUP($B4,Workers_Data,3,FALSE),IFERROR(VLOOKUP($B4,Laborers_Data,3,FALSE),""))) | F4: =IF($B4="","",IFERROR(VLOOKUP($B4,Workers_Data,4,FALSE),IFERROR(VLOOKUP($B4,Laborers_Data,4,FALSE),""))) | G4: =IF($B4="","",'Daily Attendance'!BN5) | H4: =IF($B4="","",'Daily Attendance'!BO5) | I4: =IF($B4="","",'Daily Attendance'!BP5) | J4: =IF($B4="","",'Daily Attendance'!BQ5) | K4: =IF($B4="","",'Daily Attendance'!BR5)
A5: =IF($B5="","",SUMPRODUCT(--($B$4:$B5<>""))) | B5: =IF('Daily Attendance'!A6="","",'Daily Attendance'!A6) | C5: =IF($B5="","",'Daily Attendance'!B6) | D5: =IF($B5="","",'Daily Attendance'!C6) | E5: =IF($B5="","",IFERROR(VLOOKUP($B5,Workers_Data,3,FALSE),IFERROR(VLOOKUP($B5,Laborers_Data,3,FALSE),""))) | F5: =IF($B5="","",IFERROR(VLOOKUP($B5,Workers_Data,4,FALSE),IFERROR(VLOOKUP($B5,Laborers_Data,4,FALSE),""))) | G5: =IF($B5="","",'Daily Attendance'!BN6) | H5: =IF($B5="","",'Daily Attendance'!BO6) | I5: =IF($B5="","",'Daily Attendance'!BP6) | J5: =IF($B5="","",'Daily Attendance'!BQ6) | K5: =IF($B5="","",'Daily Attendance'!BR6)
A6: =IF($B6="","",SUMPRODUCT(--($B$4:$B6<>""))) | B6: =IF('Daily Attendance'!A7="","",'Daily Attendance'!A7) | C6: =IF($B6="","",'Daily Attendance'!B7) | D6: =IF($B6="","",'Daily Attendance'!C7) | E6: =IF($B6="","",IFERROR(VLOOKUP($B6,Workers_Data,3,FALSE),IFERROR(VLOOKUP($B6,Laborers_Data,3,FALSE),""))) | F6: =IF($B6="","",IFERROR(VLOOKUP($B6,Workers_Data,4,FALSE),IFERROR(VLOOKUP($B6,Laborers_Data,4,FALSE),""))) | G6: =IF($B6="","",'Daily Attendance'!BN7) | H6: =IF($B6="","",'Daily Attendance'!BO7) | I6: =IF($B6="","",'Daily Attendance'!BP7) | J6: =IF($B6="","",'Daily Attendance'!BQ7) | K6: =IF($B6="","",'Daily Attendance'!BR7)
A7: =IF($B7="","",SUMPRODUCT(--($B$4:$B7<>""))) | B7: =IF('Daily Attendance'!A8="","",'Daily Attendance'!A8) | C7: =IF($B7="","",'Daily Attendance'!B8) | D7: =IF($B7="","",'Daily Attendance'!C8) | E7: =IF($B7="","",IFERROR(VLOOKUP($B7,Workers_Data,3,FALSE),IFERROR(VLOOKUP($B7,Laborers_Data,3,FALSE),""))) | F7: =IF($B7="","",IFERROR(VLOOKUP($B7,Workers_Data,4,FALSE),IFERROR(VLOOKUP($B7,Laborers_Data,4,FALSE),""))) | G7: =IF($B7="","",'Daily Attendance'!BN8) | H7: =IF($B7="","",'Daily Attendance'!BO8) | I7: =IF($B7="","",'Daily Attendance'!BP8) | J7: =IF($B7="","",'Daily Attendance'!BQ8) | K7: =IF($B7="","",'Daily Attendance'!BR8)
A8: =IF($B8="","",SUMPRODUCT(--($B$4:$B8<>""))) | B8: =IF('Daily Attendance'!A9="","",'Daily Attendance'!A9) | C8: =IF($B8="","",'Daily Attendance'!B9) | D8: =IF($B8="","",'Daily Attendance'!C9) | E8: =IF($B8="","",IFERROR(VLOOKUP($B8,Workers_Data,3,FALSE),IFERROR(VLOOKUP($B8,Laborers_Data,3,FALSE),""))) | F8: =IF($B8="","",IFERROR(VLOOKUP($B8,Workers_Data,4,FALSE),IFERROR(VLOOKUP($B8,Laborers_Data,4,FALSE),""))) | G8: =IF($B8="","",'Daily Attendance'!BN9) | H8: =IF($B8="","",'Daily Attendance'!BO9) | I8: =IF($B8="","",'Daily Attendance'!BP9) | J8: =IF($B8="","",'Daily Attendance'!BQ9) | K8: =IF($B8="","",'Daily Attendance'!BR9)
A9: =IF($B9="","",SUMPRODUCT(--($B$4:$B9<>""))) | B9: =IF('Daily Attendance'!A10="","",'Daily Attendance'!A10) | C9: =IF($B9="","",'Daily Attendance'!B10) | D9: =IF($B9="","",'Daily Attendance'!C10) | E9: =IF($B9="","",IFERROR(VLOOKUP($B9,Workers_Data,3,FALSE),IFERROR(VLOOKUP($B9,Laborers_Data,3,FALSE),""))) | F9: =IF($B9="","",IFERROR(VLOOKUP($B9,Workers_Data,4,FALSE),IFERROR(VLOOKUP($B9,Laborers_Data,4,FALSE),""))) | G9: =IF($B9="","",'Daily Attendance'!BN10) | H9: =IF($B9="","",'Daily Attendance'!BO10) | I9: =IF($B9="","",'Daily Attendance'!BP10) | J9: =IF($B9="","",'Daily Attendance'!BQ10) | K9: =IF($B9="","",'Daily Attendance'!BR10)
A10: =IF($B10="","",SUMPRODUCT(--($B$4:$B10<>""))) | B10: =IF('Daily Attendance'!A11="","",'Daily Attendance'!A11) | C10: =IF($B10="","",'Daily Attendance'!B11) | D10: =IF($B10="","",'Daily Attendance'!C11) | E10: =IF($B10="","",IFERROR(VLOOKUP($B10,Workers_Data,3,FALSE),IFERROR(VLOOKUP($B10,Laborers_Data,3,FALSE),""))) | F10: =IF($B10="","",IFERROR(VLOOKUP($B10,Workers_Data,4,FALSE),IFERROR(VLOOKUP($B10,Laborers_Data,4,FALSE),""))) | G10: =IF($B10="","",'Daily Attendance'!BN11) | H10: =IF($B10="","",'Daily Attendance'!BO11) | I10: =IF($B10="","",'Daily Attendance'!BP11) | J10: =IF($B10="","",'Daily Attendance'!BQ11) | K10: =IF($B10="","",'Daily Attendance'!BR11)
A11: =IF($B11="","",SUMPRODUCT(--($B$4:$B11<>""))) | B11: =IF('Daily Attendance'!A12="","",'Daily Attendance'!A12) | C11: =IF($B11="","",'Daily Attendance'!B12) | D11: =IF($B11="","",'Daily Attendance'!C12) | E11: =IF($B11="","",IFERROR(VLOOKUP($B11,Workers_Data,3,FALSE),IFERROR(VLOOKUP($B11,Laborers_Data,3,FALSE),""))) | F11: =IF($B11="","",IFERROR(VLOOKUP($B11,Workers_Data,4,FALSE),IFERROR(VLOOKUP($B11,Laborers_Data,4,FALSE),""))) | G11: =IF($B11="","",'Daily Attendance'!BN12) | H11: =IF($B11="","",'Daily Attendance'!BO12) | I11: =IF($B11="","",'Daily Attendance'!BP12) | J11: =IF($B11="","",'Daily Attendance'!BQ12) | K11: =IF($B11="","",'Daily Attendance'!BR12)
A12: =IF($B12="","",SUMPRODUCT(--($B$4:$B12<>""))) | B12: =IF('Daily Attendance'!A13="","",'Daily Attendance'!A13) | C12: =IF($B12="","",'Daily Attendance'!B13) | D12: =IF($B12="","",'Daily Attendance'!C13) | E12: =IF($B12="","",IFERROR(VLOOKUP($B12,Workers_Data,3,FALSE),IFERROR(VLOOKUP($B12,Laborers_Data,3,FALSE),""))) | F12: =IF($B12="","",IFERROR(VLOOKUP($B12,Workers_Data,4,FALSE),IFERROR(VLOOKUP($B12,Laborers_Data,4,FALSE),""))) | G12: =IF($B12="","",'Daily Attendance'!BN13) | H12: =IF($B12="","",'Daily Attendance'!BO13) | I12: =IF($B12="","",'Daily Attendance'!BP13) | J12: =IF($B12="","",'Daily Attendance'!BQ13) | K12: =IF($B12="","",'Daily Attendance'!BR13)
A13: =IF($B13="","",SUMPRODUCT(--($B$4:$B13<>""))) | B13: =IF('Daily Attendance'!A14="","",'Daily Attendance'!A14) | C13: =IF($B13="","",'Daily Attendance'!B14) | D13: =IF($B13="","",'Daily Attendance'!C14) | E13: =IF($B13="","",IFERROR(VLOOKUP($B13,Workers_Data,3,FALSE),IFERROR(VLOOKUP($B13,Laborers_Data,3,FALSE),""))) | F13: =IF($B13="","",IFERROR(VLOOKUP($B13,Workers_Data,4,FALSE),IFERROR(VLOOKUP($B13,Laborers_Data,4,FALSE),""))) | G13: =IF($B13="","",'Daily Attendance'!BN14) | H13: =IF($B13="","",'Daily Attendance'!BO14) | I13: =IF($B13="","",'Daily Attendance'!BP14) | J13: =IF($B13="","",'Daily Attendance'!BQ14) | K13: =IF($B13="","",'Daily Attendance'!BR14)
A14: =IF($B14="","",SUMPRODUCT(--($B$4:$B14<>""))) | B14: =IF('Daily Attendance'!A15="","",'Daily Attendance'!A15) | C14: =IF($B14="","",'Daily Attendance'!B15) | D14: =IF($B14="","",'Daily Attendance'!C15) | E14: =IF($B14="","",IFERROR(VLOOKUP($B14,Workers_Data,3,FALSE),IFERROR(VLOOKUP($B14,Laborers_Data,3,FALSE),""))) | F14: =IF($B14="","",IFERROR(VLOOKUP($B14,Workers_Data,4,FALSE),IFERROR(VLOOKUP($B14,Laborers_Data,4,FALSE),""))) | G14: =IF($B14="","",'Daily Attendance'!BN15) | H14: =IF($B14="","",'Daily Attendance'!BO15) | I14: =IF($B14="","",'Daily Attendance'!BP15) | J14: =IF($B14="","",'Daily Attendance'!BQ15) | K14: =IF($B14="","",'Daily Attendance'!BR15)
A15: =IF($B15="","",SUMPRODUCT(--($B$4:$B15<>""))) | B15: =IF('Daily Attendance'!A16="","",'Daily Attendance'!A16) | C15: =IF($B15="","",'Daily Attendance'!B16) | D15: =IF($B15="","",'Daily Attendance'!C16) | E15: =IF($B15="","",IFERROR(VLOOKUP($B15,Workers_Data,3,FALSE),IFERROR(VLOOKUP($B15,Laborers_Data,3,FALSE),""))) | F15: =IF($B15="","",IFERROR(VLOOKUP($B15,Workers_Data,4,FALSE),IFERROR(VLOOKUP($B15,Laborers_Data,4,FALSE),""))) | G15: =IF($B15="","",'Daily Attendance'!BN16) | H15: =IF($B15="","",'Daily Attendance'!BO16) | I15: =IF($B15="","",'Daily Attendance'!BP16) | J15: =IF($B15="","",'Daily Attendance'!BQ16) | K15: =IF($B15="","",'Daily Attendance'!BR16)
... A163: =IF($B163="","",SUMPRODUCT(--($B$4:$B163<>""))) | B163: =IF('Daily Attendance'!A164="","",'Daily Attendance'!A164) | C163: =IF($B163="","",'Daily Attendance'!B164) | D163: =IF($B163="","",'Daily Attendance'!C164) | E163: =IF($B163="","",IFERROR(VLOOKUP($B163,Workers_Data,3,FALSE),IFERROR(VLOOKUP($B163,Laborers_Data,3,FALSE),""))) | F163: =IF($B163="","",IFERROR(VLOOKUP($B163,Workers_Data,4,FALSE),IFERROR(VLOOKUP($B163,Laborers_Data,4,FALSE),""))) | G163: =IF($B163="","",'Daily Attendance'!BN164) | H163: =IF($B163="","",'Daily Attendance'!BO164) | I163: =IF($B163="","",'Daily Attendance'!BP164) | J163: =IF($B163="","",'Daily Attendance'!BQ164) | K163: =IF($B163="","",'Daily Attendance'!BR164)
A164: GRAND TOTAL | G164: =SUM(G4:G163) | H164: =SUM(H4:H163) | I164: =SUM(I4:I163) | J164: =SUM(J4:J163) | K164: =SUM(K4:K163)
